"Landlord Code","Property Code","Address Line 1","Address Line 2","Address Line 3","Address Line 4","Address Line 5","Negotiator","Property Type","Furnishment Type","Management Type","Tenancy Type","Date First Inspected","Take Over Date","Insurance Premium Due Date","Ground Rent Due Date","Service Charge Due Date","Gas Appliance Inspection Date","Electrical Appliance Inspection Date","Internal Decoration Date","External Decoration Date","Previous EPC Date","EPC Due Date","Previous EICR Date","EICR Due Date"
"6PENCC","10HG","10 Heol Y Garth","Penparcau","Aberystwyth","","Sy23 1TE"," ","","","","","","","","","","","","","","","","","",
"6PENCC","12QCCC","12 Queens Council Tax","","","",""," ","","","","<None>","","","","","","","","","","","","","",
"6PENCC","CCC","Council Taxe Due - Various","","","",""," ","","","","<None>","","","","","","","","","","","","","",
"8CAM18","8C18","Council Taxes Paid","","","",""," ","","","","<None>","","","","","","","","","","","","","",
"AB","12L","12 Llanbadarn Road","Aberystwyth","","","Sy23 1EJ"," ","","","","","","","","","","","","","","","","","",
"AB","BHBH","","","","",""," ","","","","<None>","","","","","","","","","","","","","",
"AD","36PI","36 Pentre Isaf","Llanrhystud","","","Sy23 5DB"," ","","","","","","","","","","","","","","","","","",
"AEDS","E1G","Ground Floor Flat","10 North Road","Aberystwyth","","SY23 2EL","","","Furnished","Managed","Assured Shorthold","","","","","","","","","","","","","",
"AH30TW","30TW","30 TUDOR WAY","HAVERFORDWEST","","","SA61 1HU"," ","","Furnished","Managed","<None>","","","","","","","","","","","","","",
"AHH","11CBS","11 Chalybeate Street","Aberystwyth","","","SY23 1HS"," ","","Furnished","Managed","","","","","","","","","","","","","","",
"AHH","11CBS2","Flat 1","11 Chalybeate Street","Aberystwyth","","SY23 1HS"," ","","Furnished","Managed","","","","","","","","","","","","","","",
"AHH2","57BRID","57 Bridge Street","Aberystwyth","","","Sy23 1QB"," ","","Furnished","Managed","<None>","","","","","","","","","","","","","",
"AHH3","FEL1","1 Felindre","Lon Hendre","Waunfawr","Aberystwyth","Sy23 3PZ"," ","","Furnished","Managed","<None>","","","","","","","","","","","","","",
"AHH3","FEL2","2 Felindre","Lon Hendre","Waunfawr","Aberystwyth","sy233pZ"," ","","Furnished","Managed","<None>","","","","","","","","","","","","","",
"AHH3","FEL3","3 Felindre","Lon Hendre","Waunfawr","Aberystwyth","sy233pZ"," ","","Furnished","Managed","<None>","","","","","","","","","","","","","",
"AHH3","FEL4","4 Felindre","Lon Hendre","Waunfawr","Aberystwyth","Sy23 3PY"," ","","Furnished","Managed","","","","","","","","","","","","","","",
"AJEN","6US1","F1 6 Union Street","Aberystwyth","","","SY23 1NX"," ","","Furnished","Managed","<None>","","","","","","","","","","","","","",
"AJEN","6US2","Gnd 6 Union St","Aberystwyth","","","SY23 1HE"," ","","Furnished","Managed","<None>","","","","","","","","","","","","","",
"AJEN","9LLAN1","F1 9 Llanbadarn Rd","Aberystwyth","","","SY23 1EJ"," ","","Furnished","Managed","<None>","","","","","","","","","","","","","",
"AJEN","9LLAN2","F2 9 LLanbadarn Rd","Aberystwyth","","","SY23 1EJ"," ","","Furnished","Managed","<None>","","","","","","","","","","","","","",
"AJEN2","6UNIF1","Ground Floor Flat","6 Union Street","Aberystwyth","","SY23 1NX"," ","","Furnished","Managed","<None>","","","","","","","","","","","","","",
"ALHP2","5MAESA","5 Maes Afallen","Bow Street","","","SY24 5BL"," ","","Furnished","Managed","<None>","","","","","","","","","","","","","",
"ALHP2","ABCEUF","Aberceulan Flat","James Street","Talybont","","SY24 5EY"," ","","Furnished","Managed","<None>","","","","","","","","","","","","","",
"ALHP2","ABCEUL","Aberceulan House","James Street","Talybont","","SY24 5EY"," ","","Furnished","Managed","<None>","","","","","","","","","","","","","",
"ALHP2","HAULW","Haulwen ","Penparcau Road ","Penparcau","Aberystwyth","SY23 1RR"," ","","Furnished","Managed","<None>","","","","","","","","","","","","","",
"ALLHHS","11HIGH","11 HIGH STREET","","","Aberystwyth","SY23 1JG"," ","","Furnished","Managed","<None>","","","","","","","","","","","","","",
"ALP","A1P","1 Bronpadarn Stables","Bronpadarn Mansion","Primrose Hill","Llanbadarn Fawr,SY23","3AT."," ","","Furnished","Managed","Assured Shorthold","","","","","","","","","","","","","",
"ALP","A2P","2 Bron Padarn Stables","Primrose Hill","Llanbadarn Fawr","Aberystwyth, SY23","3AT.","","","UnFurnished","Managed","Assured Shorthold","21/03/1999","21/09/1998","","","","","","","","","","","",
"ALP","A3P","3 BronPadarn Stables","BronPadarn Mansion","Primrose Hill","Llanbadarn, SY23","3AT.","","","Furnished","Managed","Assured Shorthold","","","","","","","","","","","","","",
"ALP","A4P","Bronpadarn Mansion","Primrose Hill","LLanbadarn Fawr","Aberystwyth","Ceredigion    SY23 3SE"," ","","Furnished","Managed","<None>","","","","","","","","","","","","","",
"ALP","ALP","2nd Floor Flat","31 Chalybeate Street","","","","","","Furnished","","","","","","","","","","","","","","","",
"ALP","ALP2","1st Floor Flat","31 Chalybeate Street","Aberystwyth","Dyfed","SY23 1HX","","","Furnished","Managed","Assured Shorthold","01/08/1998","01/05/1995","","","","","","","","","","","",
"ALP","ALP4","Westminster Mews","24 High Street","Aberystwyth","Dyfed","SY23 1JG"," ","","Furnished","Managed","","18/12/1999","18/03/1996","","","","","","","","","","","",
"ALPINV","AF1","Flat 1","1 Queens Road","Aberystwyth","Ceredigion","SY23 2HH"," ","","Furnished","Managed","Assured Shorthold","18/09/2004","18/09/2004","","","","","","","","","","","",
"ALPINV","AF2","Flat 2 ","1 Queens Road","Aberystwyth","Ceredigion","SY23 2HH"," ","","Part Furnished","Managed","Assured Shorthold","18/09/2004","18/09/2004","","","","","","","","","","","",
"ALPINV","AF3","Flat 3","1 Queens Road","Aberystwyth","Ceredigion","SY23 2HH"," ","","Furnished","Managed","Assured Shorthold","18/09/2004","18/09/2004","","","","","","","","","","","",
"ALPINV","C4","Sandmarsh Cottage","1 Queens Road","Aberystwyth","","SY23 2HH","","","Furnished","Managed","Assured Shorthold","01/01/2000","01/07/1995","","","","","","","","","","","",
"ALS","8UPORT","8 Upper Portland","","Aberystwyth","","SY23 2DT"," ","","Furnished","Managed","<None>","","","","","","","","","","","","","",
"ALUOW","7CAER","7 Caergog Terrace","Aberystwyth","","","SY23 1EP"," ","Residential","Furnished","Managed","Short Assured Tenancy","04/06/2017","04/06/2017","","","","","","","","","","","",
"AM","2CP","2 Crown Place","Aberarth","Ceredigion","","Sa46 0LL"," ","","Furnished","Managed","","","","","","","","","","","","","","",
"ANNJON","BRYNG","Bryn Golau","Llanrhystud","Ceredigion","","SY23 5AD"," ","","Furnished","Managed","<None>","","","","","","","","","","","","","",
"ANNJON","CAEGWY","Cae Gwyn","Trefenter","Aberystwyth","Ceredigion","SY23 4HJ"," ","","Furnished","Managed","<None>","","","","","","","","","","","","","",
"ANNJON","MAESYM","Maes Y Meillion ","Llangwyrfon ","Aberystwyth ","","SY23 4EX"," ","","Furnished","Managed","<None>","","","","","","","","","","","","","",
"AO","3BH","3 Bryn Hyfryd","Penant","","","SY23 5PH"," ","","Furnished","Managed","<None>","","","","","","","","","","","","","",
"AS","18PS","18 Prospect Street","Aberystwyth","","","Sy23 1JJ"," ","","Furnished","Managed","","","","","","","","","","","","","","",
"AS","33G","33 Greenfield Street","Aberystwyth","SY23","","SY23 1PJ"," ","","Furnished","Managed","<None>","","","","","","","","","","","","","",
"AS","4MM","4 Maesmaelor","","Penparcau","","SY23 1SZ"," ","","Furnished","Managed","<None>","","","","","","","","","","","","","",
"ASZ","28B","28 Bridge Street","Aberystwyth","","","SY23 1QB"," ","","Furnished","Managed","<None>","","","","","","","","","","","","","",
"ASZ","70C","70 Cambrian Street","Aberystwyth","","","SY23 1NZ"," ","","Furnished","Managed","<None>","","","","","","","","","","","","","",
"AVUT24","AVOU24","Avondale Utilities","","","",""," ","","Furnished","Managed","<None>","","","","","","","","","","","","","",
"AW8C","8CAM","8 Cambrian Place","Aberystwyth","","","SY23 1NT"," ","","Furnished","Managed","<None>","","","","","","","","","","","","","",
"BB","1PD","1 Plas Dyffryn","Parc Y Bryn","Aberystwyth","","Sy23 2DL"," ","","Furnished","Managed","","","","","","","","","","","","","","",
"BB","1PT","1 Plas Tudor","North Road","Aberystwyth","","Sy23 2AD"," ","","Furnished","Managed","","","","","","","","","","","","","","",
"BH","22PC","22 Padarn Crescent","Llanbadarn","Aberystwyth","","SY23 3QW"," ","","Furnished","Managed","<None>","","","","","","","","","","","","","",
"BHO","7LLYS","Ty Cart (number 7)","Waunfawr","Aberystwyth","","SY23 3NH"," ","","Furnished","Managed","<None>","","","","","","","","","","","","","",
"BHO","H1A","Flat A","Bridgend","LLanbadarn Fawr","Aberystwyth","SY23 3RA"," ","","Furnished","Managed","Assured Shorthold","","","","","","","","","","","","","",
"BHO","H1B","Flat B","Bridgend","LLanbadarn Fawr","Aberystwyth","SY23 3RA","","","Furnished","Managed","Assured Shorthold","","","","","","","","","","","","","",
"BHO","H1C","Flat C","Bridgend","LLanbadarn Fawr","Aberystwyth SY23","3RA.","","","Furnished","Managed","Assured Shorthold","","","","","","","","","","","","","",
"BHO","H1D","Flat D","Bridgend","LLanbadarn Fawr","Aberystwyth","SY23 3RA","","","Furnished","Managed","Assured Shorthold","","","","","","","","","","","","","",
"BHO","H21","2 Bilston Terrace","LLanbadarn Fawr","Aberystwyth","Ceredigion","SY23 3RL"," ","","Furnished","Managed","Assured Shorthold","30/11/1999","30/08/1999","","","","","","","","","","","",
"BHO","H2B","Basement Flat","5 Padarn Terrace","LLanbadarn Fawr","Aberystwyth SY23","3RG."," ","","Furnished","Managed","Assured Shorthold","","","","","","","","","","","","","",
"BHO","H2M","Maisonette","5,Padarn Terrace","LLanbadarn Fawr","Aberystwyth","SY23 3RG"," ","","Furnished","Managed","Assured Shorthold","","","","","","","","","","","","","",
"BHO","H3","Y Beudy","6 LLys Gwyneth","Waun Fawr","Aberystwyth","SY23 3NH"," ","","Furnished","Managed","Assured Shorthold","","","","","","","","","","","","","",
"BHO","H6","Y Rhod","1 Llys Gwyneth","Waun Fawr","Aberystwyth","SY23 3NH"," ","","Furnished","Managed","Assured Shorthold","","","","","","","","","","","","","",
"BIGJOE","33SOUT","33 South Road","Aberystwyth","Ceredigion","","SY23 1JW"," ","","Furnished","Managed","<None>","","","","","","","","","","","","","",
"BIGJOE","AVOND","Avondale ","13 Marine Terrace","Aberystwyth ","","SY23 2AZ"," ","","Furnished","Managed","<None>","","","","","","","","","","","","","",
"BIRCH","22MM","22 Maes Mawr","Llanbadarn Fawr","Aberystwyth","","Sy23 3RW"," ","","Furnished","Managed","","","","","","","","","","","","","","",
"BR","12QS","12 Queens Street","Aberystwyth","","","Sy23 1PU"," ","","Furnished","Managed","<None>","","","","","","","","","","","","","",
"BUTLER","B2","8 Custom House Street","Aberystwyth","Ceredigion","","SY23 1JR","","","Furnished","Managed","Assured Shorthold","","","","","","","","","","","","","",
"BUTLER","B2A","6 Custom House Street","Aberystwyth","Ceredigion","","SY23 1JR","","","Furnished","Managed","","","","","","","","","","","","","","",
"CARLEV","12PORT","12 Portland Road","Aberystwyth","","","SY23 2NL"," ","","Furnished","Managed","<None>","","","","","","","","","","","","","",
"CHILDS","13ALEX","13 Alexandra Road ","","","Aberystwyth","SY23 1LN"," ","","Furnished","Managed","<None>","","","","","","","","","","","","","",
"CHILDS","64CAM","64 Cambrian Street","Aberystwyth","","","SY23 1NZ"," ","","Furnished","Managed","<None>","","","","","","","","","","","","","",
"CL","43BC","43 Bryncastell","Bow Street","Aberystwyth","","Sy24 5DE"," ","","Furnished","Managed","","","","","","","","","","","","","","",
"CMDAVI","15GREE","15 Green Gardens","Trefechan","Aberystwyth","","SY23 1BB"," ","","Furnished","Managed","<None>","","","","","","","","","","","","","",
"DABA","2BWLCH","2 Bwlch Y Gwynt","Llanrhystud","Ceredigion","","SY23 5EH"," ","","Furnished","Managed","<None>","","","","","","","","","","","","","",
"DEANNA","23CLOS","23 MaesCrugiau","Aberystwyth","","","SY23 4PP"," ","","Furnished","Managed","<None>","","","","","","","","","","","","","",
"DEANNA","35LLA","35 Llys Ardwyn","Bryn Ardwyn","Aberystwyth","","SY23 1EE"," ","","Furnished","Managed","<None>","","","","","","","","","","","","","",
"DEANNA","3PANTY","3 Pantyderwen","Llandre","Bow Street","Aberystwyth","SY24 5BT"," ","","Furnished","Managed","<None>","","","","","","","","","","","","","",
"DEANNA","PORTHC","Porthceiro","Llanbadarn Fawr","Aberystwyth","","SY23 3HW"," ","","Furnished","Managed","<None>","","","","","","","","","","","","","",
"DH","13GS","13 Glan Seilo","Penrhyncoch","","","SY23 3TW"," ","","Furnished","Managed","<None>","","","","","","","","","","","","","",
"DH","5FYM","5 Felin Y Mor Road","Trefechan","Aberystwyth","","SY23 1BS"," ","","Furnished","Managed","<None>","","","","","","","","","","","","","",
"DH","5PC","5 Pen Y Cei","Felin Y Mor Road","Trefechan","Aberystwyth","Sy231BS"," ","","Furnished","Managed","<None>","","","","","","","","","","","","","",
"DH","8DHH","8 Dol Helyg","Penrhyncoch","Aberystwyth","","SY23 3GZ"," ","","Furnished","Managed","<None>","","","","","","","","","","","","","",
"DL","5CP","5 Cambrian Place","Aberystwyth","","","SY23 1NT"," ","","Furnished","Managed","<None>","","","","","","","","","","","","","",
"DL","6PS","6 Powell Street","Aberystwyth","","","Sy23 1QQ"," ","","Furnished","Managed","","","","","","","","","","","","","","",
"DP","11HA","11 Heol Alun","Waunfawr","Aberystwyth","","Sy23 3BB"," ","","Furnished","Managed","<None>","","","","","","","","","","","","","",
"DSCHI","2TH","2 Ty Talbot","Market Street","Aberystwyth","","Sy23 1DL"," ","","Furnished","Managed","","","","","","","","","","","","","","",
"DSJ","14PR","14 Portland Road","Aberystwyth","","","SY23 2NL"," ","","Furnished","Managed","","","","","","","","","","","","","","",
"DSJ","35HS","35 High Street","Aberystwyth","","","Sy23 1JG"," ","","Furnished","Managed","","","","","","","","","","","","","","",
"ED2","E1B","Basement Flat","10 North Road","Aberystwyth","Dyfed","SY23 2EL","","","Furnished","Managed","Assured Shorthold","","","","","","","","","","","","","",
"ED2","E1M","Middle Flat","10 North Road","Aberystwyth","","SY23 2EL","","","Furnished","Managed","Assured Shorthold","","","","","","","","","","","","","",
"ED2","E1T","Top Floor Flat","10 North Road","Aberystwyth","","SY23 2EL","","","Furnished","Managed","Assured Shorthold","","","","","","","","","","","","","",
"ED2","E3G","Ground Floor Flat","Hillside","Penglais Road","Aberystwyth","SY23 2EU","","","Furnished","Managed","Assured Shorthold","","","","","","","","","","","","","",
"ED2","E3M","Flat 2","Hillside","Penglais Road","Aberystwyth","SY23 2EU","","","Furnished","Managed","Assured Shorthold","","","","","","","","","","","","","",
"ED2","E3T","Flat 3","Hillside","Penglais Road","Aberystwyth","SY23 2EU","","","Furnished","Managed","Assured Shorthold","","","","","","","","","","","","","",
"EDWARD","13SKIN","13 Skinner Street","Aberystwyth","","","SY23 2JU"," ","","Furnished","Managed","<None>","","","","","","","","","","","","","",
"EDWARD","24MH","24 Maesheli","Penparcau","Aberystwyth","","SY23 1TA"," ","","Furnished","Managed","","","","","","","","","","","","","","",
"EDWARD","E28M","28 Minyddol","Penparcau","Aberystwyth","","SY23 1RG","","","Furnished","Managed","Assured Shorthold","","16/10/2002","","","","","","","","","","","",
"EDWARD","E2G","Ground Floor Flat","18 Queen's Road","Aberystwyth","","SY23 2HJ","","","Furnished","Managed","Assured Shorthold","","","","","","","","","","","","","",
"EDWARD","E2M","Middle Flat","18 Queen's Road","Aberystwyth","","SY23 2HJ","","","Furnished","","Assured Shorthold","","","","","","","","","","","","","",
"EDWARD","E2T","Top Flat","18 Queen's Road","Aberystwyth","","SY23 2HJ","","","Furnished","Managed","Assured Shorthold","","","","","","","","","","","","","",
"EDWARD","E3B","3 Blue Gardens","Mill Street","Aberystwyth","SY23","1JE.","","","Furnished","Managed","Assured Shorthold","18/09/1999","18/09/1998","","","","","","","","","","","",
"EDWARD","E4","1 Cathedral View","LLangawsai","LLanbadarn Road","Aberystywth","SY23 1HH","","","Furnished","Managed","Assured Shorthold","","","","","","","","","","","","","",
"EDWARD","E5","5 Beehive Terrace","Trefechan","Aberystwyth","Dyfed","SY23 1BW"," ","","Furnished","Managed","Assured Shorthold","","","","","","","","","","","","","",
"EDWARD","MC12SR","","","","",""," ","","Furnished","Managed","","","","","","","","","","","","","","",
"EDWARI","19PS","Flat 1","19 Pier Street","Aberystwyth","","Sy23 2LJ"," ","","Furnished","Managed","","","","","","","","","","","","","","",
"EDWARI","1CC","1 Ty Ceredig","Clos Gwilym","Llanbadarn Fawr","","SY23 3GN"," ","","Furnished","Managed","<None>","","","","","","","","","","","","","",
"EDWARI","E14TP","14 Tremafon","Penparcau","Aberystwyth","","SY23 1SP"," ","","Furnished","Managed","<None>","","","","","","","","","","","","","",
"EDWARI","E2TP","2 Tremafon","Penparcau","Aberystwyth","","SY23 1SP"," ","","Furnished","Managed","Assured Shorthold","24/11/2003","24/11/2003","","","","","","","","","","","",
"EDWARI","NCINN","New Cross Flat","(Manager's Accomodation)","New Cross","Aberystwyth","SY23 4LY"," ","","Furnished","Managed","<None>","","","","","","","","","","","","","",
"ELIAS","E12","2 The Terrace","LLanfarian","Aberystwyth","Ceredigion","SY23 4UF"," ","","Furnished","Managed","Assured Shorthold","04/12/1999","04/09/1999","","","","","","","","","","","",
"EM","16QS","Arwelfa ","16 Queens Street","Aberystwyth","","Sy23 1PU"," ","","Furnished","Managed","<None>","","","","","","","","","","","","","",
"EMADJ","HENDR","Hendre","Bwlchllan ","Lampeter ","Ceredigion","SA48 8QG "," ","","Furnished","Managed","<None>","","","","","","","","","","","","","",
"EVANWM","E10","12 Stanley Road","Aberystwyth","Dyfed","","SY23 1LS"," ","","Furnished","Managed","Assured Shorthold","07/08/1999","07/05/1996","","","","","","","","","","","",
"GAR","GARAG1","Garage","Bridgend","","",""," ","","Furnished","Managed","<None>","","","","","","","","","","","","","",
"GAVROB","GAV","Afallon","Loveden Road","Aberystwyth","","SY23 2ED"," ","","Furnished","Managed","<None>","","","","","","","","","","","","","",
"GB","21GL","21 Ger Y Llan","Penrhyncoch","","","SY23 3HQ"," ","","Furnished","Managed","<None>","","","","","","","","","","","","","",
"GB","22GL","22 Glanceulan","Penrhyncoch","","","SY23 3HF"," ","","Furnished","Managed","<None>","","","","","","","","","","","","","",
"GL","CF","Flat above Cam Forge","","Mill Street","Aberystwyth","SY23 1HZ"," ","","Furnished","Managed","<None>","","","","","","","","","","","","","",
"GLENME","72CAM","72 Cambrian Street","Aberystwyth","","","SY23 1NZ"," ","","Furnished","Managed","<None>","","","","","","","","","","","","","",
"GLENME","7TERRA","7 Terrace Road","Aberystwyth","","","SY23 1NY"," ","","Furnished","Managed","<None>","","","","","","","","","","","","","",
"GMML","2MIN","2 Minffordd","Penrhyncoch","Aberystwyth","","SY23 3EP"," ","","Furnished","Managed","","","","","","","","","","","","","","",
"GOODWI","WAVE","Waverley","18 South Road","Aberystwyth","","Sy23 1JL"," ","","Furnished","Managed","","","","","","","","","","","","","","",
"GREENE","G1C","3 Caradog Road","Aberystwyth","Ceredigion","","SY23 2LA","","","UnFurnished","Managed","Assured Shorthold","01/01/2003","01/01/2003","","","","","","","","","","","",
"GREENE","G2","8 Gwel Rheidol","Penparcau","Aberystwyth","","SY23 1SW","","","UnFurnished","Managed","Assured Shorthold","10/05/2004","10/05/2004","","","","","","","","","","","",
"GW","10GS","10 George Street","Aberystwyth","","","Sy23 1QG"," ","","UnFurnished","Managed","","","","","","","","","","","","","","",
"H4H","29CWRT","29, Cwrt y Brenin","Ffos y Ffin","Aberaeron.","","SA46 0HU"," ","","UnFurnished","Managed","<None>","","","","","","","","","","","","","",
"H4H","30CWRT","30, Cwrt y Brenin","Ffos y ffin","Aberaeron","","SA46 0HU"," ","","UnFurnished","Managed","<None>","","","","","","","","","","","","","",
"H4H","31CWRT","31, Cwrt y Brenin","Ffos y ffin","Aberaeron","","SA46 0HU"," ","","UnFurnished","Managed","<None>","","","","","","","","","","","","","",
"H4H","32CWRT","32, Cwrt y Brenin","Ffos y ffin","Aberaeron","","SA46 0HU"," ","","UnFurnished","Managed","<None>","","","","","","","","","","","","","",
"H4H","35MC","35 Maesceinion","Waunfawr","Aberystwyth","","SY23 3QQ"," ","","UnFurnished","Managed","<None>","","","","","","","","","","","","","",
"H4H","OKUNOL","","","","",""," ","","UnFurnished","Managed","<None>","","","","","","","","","","","","","",
"H4H","RHOSLA","RHOSLAN","BOW STREET","ABERYSTWYTH","","SY24 5BA"," ","","UnFurnished","Managed","<None>","","","","","","","","","","","","","",
"HEATH","6CD","6 Clos Deiniol","Aberystwyth","","","Sy23 3TX"," ","","UnFurnished","Managed","","","","","","","","","","","","","","",
"HEATH","H17","31 Maescrugiau","Southgate","Rhydyfelin","Aberystwyth","SY23 4PP","","","UnFurnished","Managed","Assured Shorthold","01/01/2000","01/07/1999","","","","","","","","","","","",
"HELEW","8PARAV","8 Park Avenue ","Aberystwyth","Ceredigion ","","SY23 1PF"," ","","UnFurnished","Managed","<None>","","","","","","","","","","","","","",
"HELEW2","BRV","Brynhaul Villa","Llanbadarn Fawr ","Aberystwyth ","","SY23 3SL"," ","","UnFurnished","Managed","<None>","","","","","","","","","","","","","",
"HEULMD","2BRYNP","2 Bryn Place","Penparcau","Aberystwyth","","SY23 1RP"," ","","UnFurnished","Managed","<None>","","","","","","","","","","","","","",
"HISTOR","2POWHI","2 PowHistoric","","","",""," ","","UnFurnished","Managed","<None>","","","","","","","","","","","","","",
"HISTOR","4FELDF","4 Felindre Historic","","","",""," ","","UnFurnished","Managed","<None>","","","","","","","","","","","","","",
"HISTOR","ALBERT","Albert Place historic","","","",""," ","","UnFurnished","Managed","<None>","","","","","","","","","","","","","",
"HISTOR","WAVEHI","WaverleyHistoric","","","",""," ","","UnFurnished","Managed","<None>","","","","","","","","","","","","","",
"HT","38QS","38 Queens Street","Aberystwyth","","","SY23 1PU"," ","","UnFurnished","Managed","<None>","","","","","","","","","","","","","",
"HT","4WS","4 William Street","Aberystwyth","","","SY23 1QF"," ","","UnFurnished","Managed","<None>","","","","","","","","","","","","","",
"HT","GFPH","Ground Floor Flat","Phoenix House","6 Cliff Terrace","Aberystwyth","SY23 2DN"," ","","UnFurnished","Managed","","","","","","","","","","","","","","",
"HT","PH","Phoenix House","6 Cliff Terrace","Aberystwyth","","SY23 2DN "," ","","UnFurnished","Managed","<None>","","","","","","","","","","","","","",
"HUGHE2","PBR","Penbrynrhodyn","Llanbadarn Fawr","Aberystwyth","","SY23 3SU"," ","","UnFurnished","Managed","<None>","","","","","","","","","","","","","",
"HUGHES","4LG","Ysgubor, ","Waunfawr","Aberystwyth","","SY23 3NH"," ","","UnFurnished","Managed","<None>","","","","","","","","","","","","","",
"HUGHES","CYL","2 Cysgod Y Llan","Southgate","Aberystwyth","","Sy23 1RY"," ","","UnFurnished","Managed","<None>","","","","","","","","","","","","","",
"HUGHES","GARAGE","Garage","Bridgend","","",""," ","","UnFurnished","Managed","","","","","","","","","","","","","","",
"HUGHES","H5","Pentre LLoi","5 LLys Gwyneth","Waun Fawr","Aberystwyth","SY23 3NH"," ","","Furnished","Managed","Assured Shorthold","","","","","","","","","","","","","",
"HUGHES","H7","Y Storfa","2 LLys Gwyneth","Waun Fawr","Aberystwyth","SY23 3NH"," ","","Furnished","Managed","Assured Shorthold","","","","","","","","","","","","","",
"HUGHES","H8","Y Stable","3 LLys Gwyneth","Waun Fawr","Aberystwyth","SY23 3NH"," ","","Furnished","Managed","Assured Shorthold","","","","","","","","","","","","","",
"HUGHES","H9","Y Sgubor","4 LLys Gwyneth","Waun Fawr","Aberystwyth","SY23 3NH"," ","","Furnished","Managed","Assured Shorthold","","","","","","","","","","","","","",
"HUWS","5TYG","5 Ty Glyndwr","Riverside Terrace","Aberystwyth","Ceredigion","SY23 1AB"," ","","Furnished","Managed","<None>","","","","","","","","","","","","","",
"HUWS","ARFRYN","Arfryn","Pwllhobi","Llanbadarn Fawr","","SY23 3SX"," ","","Furnished","Managed","<None>","","","","","","","","","","","","","",
"IPJ","RHG","Rhoshelyg","Llanon","Ceredigion","","SY23 5LA"," ","","Furnished","Managed","","","","","","","","","","","","","","",
"JANEOW","29EDGE","29 Edgehill Road","Aberystwyth","","","SY23 1LZ"," ","Residential","Furnished","Managed","Short Assured Tenancy","04/06/2017","04/06/2017","","","","","","","","","","","",
"JBOURN","6SGT","F1 6 St Georges Tce","Llanbadarn","Aberystwyth","","SY23 1HE"," ","","Furnished","Managed","<None>","","","","","","","","","","","","","",
"JBOURN","6SGT2","F2 6 St Georges Tce","Llanbadarn","Aberystwyth","","SY23 1HE"," ","","Furnished","Managed","<None>","","","","","","","","","","","","","",
"JD","15BS","Ground Floor Flat","15 Bath Street","Aberystwyth","","SY23 2NN "," ","","Furnished","Managed","<None>","","","","","","","","","","","","","",
"JD","M15B","Middle Flat","15 Bath Street","Aberystwyth","","SY23 2NN"," ","","Furnished","Managed","<None>","","","","","","","","","","","","","",
"JD","T15B","Top Flat","15 Bath Street","Aberystwyth","Ceredigion","SY23 2NN"," ","","Furnished","Managed","<None>","","","","","","","","","","","","","",
"JDAV2","30HGST","30 High Street","Aberystwyth","","","SY23 1JG"," ","","Furnished","Managed","<None>","","","","","","","","","","","","","",
"JFENTO","14AGRS","14A Greenfield Street","Aberystwyth","Ceredigion","","SY23 1PJ"," ","","Furnished","Managed","<None>","","","","","","","","","","","","","",
"JFENTO","14BGRS","14B Greenfield Street","Aberystwyth","Ceredigion ","","SY23 1PJ"," ","","Furnished","Managed","<None>","","","","","","","","","","","","","",
"JLJ","BRON","Bronhaul","New Cross","Sy23 4JT","",""," ","","Furnished","Managed","","","","","","","","","","","","","","",
"JLJ","TREGIS","Tregynan Isaf","Llanrhystud","Ceredigion ","","SY23 5DW"," ","","Furnished","Managed","<None>","","","","","","","","","","","","","",
"JLJ","WEIRG","Weirglodd","Llanarth","Ceredigion","","SA47 0RS"," ","","Furnished","Managed","<None>","","","","","","","","","","","","","",
"JONESD","J11","Holmside","10 LLanbadarn Road","Aberystwyth","Ceredigion","SY23 1EJ","","","Furnished","","Assured Shorthold","25/06/1999","25/03/1997","","","","","","","","","","","",
"JT","74RHOS","74 Rhoshendre","Waunfawr","Aberystwyth","","SY23 3PX"," ","","Furnished","","<None>","","","","","","","","","","","","","",
"JT2","1WT","1 Wesley Terrace","Taliesin","Machynlleth","","SY20 8JQ"," ","","Furnished","","<None>","","","","","","","","","","","","","",
"KATROL","TROEDY","Troed y Bryn","Penygraig","Llanbadarn Fawr","Aberystwyth","SY23 3SG"," ","","Furnished","","<None>","","","","","","","","","","","","","",
"KELLY","23MC","23 Maesceinion","Waunfawr","Aberystwyth","","Sy23 3QQ"," ","","Furnished","","","","","","","","","","","","","","","",
"KF","22PORT","22 Portland Road","Aberystwyth","","","SY23 2NL"," ","","Furnished","","<None>","","","","","","","","","","","","","",
"KHAU","36NP1","Flat 1","36, North Parade","Aberystwyth","","SY23 2NF"," ","","Furnished","","<None>","","","","","","","","","","","","","",
"KHAU","36NP2","Flat 2","36, North Parade","Aberystwyth","","SY23 2NF"," ","","Furnished","","<None>","","","","","","","","","","","","","",
"KHAU","36NP3","Flat 3","36, North Parade","Aberystwyth","","SY23 2NF"," ","","Furnished","","<None>","","","","","","","","","","","","","",
"KHAU","36NP4","Flat 4","36, North Parade","Aberystwyth","","SY23 2NF"," ","","Furnished","","<None>","","","","","","","","","","","","","",
"KHAU","36NP5","Flat 5","36, North Parade","Aberystwyth","","SY23 2NF"," ","","Furnished","","<None>","","","","","","","","","","","","","",
"KMMAES","MAESG","Maesglas","Bwlchllan ","Lampeter ","","SA48 8QH "," ","","Furnished","","<None>","","","","","","","","","","","","","",
"KMORG","FFOS","Ffoslas","Bronant","","","SY23 4TJ"," ","","Furnished","","<None>","","","","","","","","","","","","","",
"KOLCZA","CCHAM1","First Floor Flat (Flat 1)","Cambrian Chambers","Aberystwyth","","SY23 1NT"," ","","Furnished","","<None>","","","","","","","","","","","","","",
"KOLCZA","TOPCAM","Top Flat (Flat 2)","Cambrian Chambers","Cambrian Place","Aberystwyth","SY23 1NT"," ","","Furnished","","<None>","","","","","","","","","","","","","",
"LANMUI","6CAMPL","6 Cambrian Place","Aberystwyth","","","SY23 1NT"," ","","Furnished","","<None>","","","","","","","","","","","","","",
"LION2","TYNGWN","Tyngwndwn","Ysbyty Ystwyth","Ystrad Meurig","","SY25 6DE"," ","","Furnished","","<None>","","","","","","","","","","","","","",
"LION3","6BLUE","6 Blue Gardens","Mill Street","Aberystwyth","","SY23 1JE"," ","","Furnished","","<None>","","","","","","","","","","","","","",
"LLOYD","4MILL","4 Mill Street","Aberystwyth","","","SY23 1HZ"," ","","Furnished","","<None>","","","","","","","","","","","","","",
"LLOYD2","6QUEEN","6 Queens Street","Aberystwyth","","","SY23 1PU"," ","","Furnished","","<None>","","","","","","","","","","","","","",
"LLOYD2","7HS","7 High Street","Aberystwyth","","","SY23 1JG"," ","","Furnished","","<None>","","","","","","","","","","","","","",
"LOURIC","F16ALB","Flat 1,","6, Alfred Place,","Aberystwyth","","SY23"," ","","Furnished","","<None>","","","","","","","","","","","","","",
"LW","6NEWST","6 New Street","Aberystwyth","","","SY23 2AT"," ","","Furnished","","<None>","","","","","","","","","","","","","",
"LYNOWE","6ALF2","Flat 2","6, Alfred Place","Aberystwyth","","SY23 2BS"," ","","Furnished","","<None>","","","","","","","","","","","","","",
"MAJ","17SV","17 Seaview Place","Aberystwyth","","","Sy23 1DZ"," ","","Furnished","","","","","","","","","","","","","","","",
"MAJ","38PS","38 Prospect Street","Aberystwyth","","","SY23 1JJ"," ","","Furnished","","<None>","","","","","","","","","","","","","",
"MAROW","15SMT","Flat 5","15 South Marine Terrace","Aberystwyth","","SY23 1JX"," ","","Furnished","","<None>","","","","","","","","","","","","","",
"MAROW","15SMT2","Flat 2","15 South Marine Terrace","Aberystwyth","","SY23 1JX"," ","","Furnished","","<None>","","","","","","","","","","","","","",
"MAROW","15SMT3","Flat 3","15 South Marine Terrace","Aberystwyth","","SY23 1JX"," ","","Furnished","","<None>","","","","","","","","","","","","","",
"MAROW","15SMT4","Flat 4","15 South Marine Terrace","Aberystwyth","","SY231JX"," ","","Furnished","","<None>","","","","","","","","","","","","","",
"MASON","3NS","3 New Street","Aberystwyth","","","Sy23 2AT"," ","","Furnished","","<None>","","","","","","","","","","","","","",
"MC","6PEN","6 Penglais Terrace","Aberystwyth","","","SY23 2ET"," ","","Furnished","","<None>","","","","","","","","","","","","","",
"MCL","WOOD","Woodlands Upper","Pen Y Bont Road","Llanbadarn Fawr","Aberystwyth","Sy23 3RB"," ","","Furnished","","","","","","","","","","","","","","","",
"MCL","WOOD2","Woodlands Lower","Penybont Road","Llanbadarn Fawr","Aberystwyth","Sy23 3RB"," ","","Furnished","","","","","","","","","","","","","","","",
"MERCER","17GC","17 Glanceulan","Penrhyncoch","Aberystwyth","","Sy23 3HF"," ","","Furnished","","","","","","","","","","","","","","","",
"MERCER","2MA","2 Maesyrafon","Aberystwyth","","","SY23 1PL"," ","","Furnished","","","","","","","","","","","","","","","",
"MERCER","M5","Unit B","Lovesgrove Farm Stables","Capel Dewi","Aberystwyth","SY23 3HR","","","UnFurnished","Managed","Assured Shorthold","20/09/2002","20/09/2002","","","","","","","","","","","",
"MH","JH5SV","5 Seaview Place","Aberystwyth","","","SY23 1DZ"," ","","UnFurnished","Managed","","","","","","","","","","","","","","",
"MHA","1CGT","1 Cae'r Gog Terrace","Aberystwyth","","","SY23 1EP"," ","","UnFurnished","Managed","<None>","","","","","","20/12/2020","","","","","01/09/2018","","",
"MHA","3PEN","3 Penglais Terrace","Aberystwyth","","","SY23 2ET"," ","","UnFurnished","Managed","<None>","","","","","","","","","","","","","",
"MHA","5PGT","5 Penglais Terrace","Aberystwyth","","","SY23 2ET"," ","","UnFurnished","Managed","<None>","","","","","","","","","","","","","",
"MHA","CHH","G/F Flat","Chatsworth House","Cliff Terrace","Aberystwyth","SY23 2DN"," ","","UnFurnished","Managed","<None>","","","","","","","","","","","","","",
"MICLEE","5GERYC","5A GER Y CWM","PENRHYNCOCH","ABERYSTWYTH","","SY23 3FA"," ","","UnFurnished","Managed","<None>","","","","","","","","","","","","","",
"MJ","AWL","Awelon","Llanfarian","Ceredigion","","SY234BT"," ","","UnFurnished","Managed","<None>","","","","","","","","","","","","","",
"MJEN","MILL","The Mill","Mill Street","Aberystwyth","","SY23 1HZ"," ","","UnFurnished","Managed","<None>","","","","","","","","","","","","","",
"MORGAN","M6","Tafancrug","Pant-y-Crug","Nr Aberyswtyth","","SY23 4EF","","","UnFurnished","Managed","Assured Shorthold","15/06/1999","15/06/1996","","","","","","","","","","","",
"MORGAS","M11","Ground Floor Flat","11 George Street","Aberystwyth","","SY23 1QG","","","Furnished","Managed","Assured Shorthold","15/10/2004","15/10/2004","","","","","","","","","","","",
"MORGAS","T11","Flat","11 George Street","Aberystwyth","","SY23 1QG"," ","","Furnished","Managed","","","","","","","","","","","","","","",
"MP2","CT4","Flat 4","1 Cambrian Terrace","Borth","","Sy24 5HU"," ","","Furnished","Managed","","","","","","","","","","","","","","",
"MPCT","CT1","Flat 1","1 Cambrian Terrace","Borth","","Sy245hu"," ","","Furnished","Managed","","","","","","","","","","","","","","",
"MSMITH","2PS","2 Powell Street","Aberystwyth","","","SY23 1QQ"," ","","Furnished","Managed","<None>","","","","","","","","","","","","","",
"N.HUGH","20EDGE","20, Edgehill Road","Aberystwyth","","","SY23 1LZ"," ","","Furnished","Managed","<None>","","","","","","","","","","","","","",
"NARDIE","2GREEN","2 Greenfield Street","Aberystwyth","","","SY23 1PJ"," ","","Furnished","Managed","<None>","","","","","","","","","","","","","",
"NARDIE","33HIGH","33 High Street","Aberystwyth","","","SY23 1JG"," ","Residential","Furnished","Managed","Short Assured Tenancy","04/06/2017","04/06/2017","","","","","","","","","","","",
"NS","6AP","Flat 3","6 Alfred Place","Aberystwyth","","SY23 2BS"," ","","Furnished","Managed","<None>","","","","","","","","","","","","","",
"OS","3A","3A Penygraig","Llanbadarn","Aberystwyth","","Sy23 3SG"," ","","Furnished","Managed","","","","","","","","","","","","","","",
"PB","BH","Brynhaul","Capel Dewi","","","Sy23 3HS"," ","","Furnished","Managed","","","","","","","","","","","","","","",
"PHJB","POM","Pomona","High Street","Borth ","","SY24 5SG"," ","","Furnished","Managed","","","","","","","","","","","","","","",
"POUNDE","CW","Carregwen","Banc Y Darren","Aberystwyth","","Sy23 3JE"," ","","Furnished","Managed","<None>","","","","","","","","","","","","","",
"POUNDE","P2","2 Tanyffordd","Banc y Darren","Aberystwyth","","SY24 3JE","","","Part Furnished","Managed","Assured Shorthold","19/11/2004","19/11/2004","","","","","","","","","","","",
"PT","MF","Minffordd","Rhydypennau","Bow Street","","Sy24 5AA"," ","","Part Furnished","Managed","","","","","","","","","","","","","","",
"PT","YG","Y Geulan","Cae'r Gog","Aberystwyth","","Sy23 1ET"," ","","Part Furnished","Managed","","","","","","","","","","","","","","",
"PTC","1BA","1 Brynawel","Cnwch Coch","","","SY23 4LH"," ","","Part Furnished","Managed","<None>","","","","","","","","","","","","","",
"PTC","3PAD","3 Padarn Terrace","Llanbadarn Fawr","Aberystwyth","","Sy23 3RG"," ","","Part Furnished","Managed","<None>","","","","","","","","","","","","","",
"PTC","BRYNAW","Fronfraith","Cnwch Coch","","","SY23 4LQ"," ","","Part Furnished","Managed","<None>","","","","","","","","","","","","","",
"PW","8PGT","8 Penglais Terrace","Aberystwyth","","","Sy23 2ET"," ","","Part Furnished","Managed","","","","","","","","","","","","","","",
"PWH","10SJM","10 St James Mews","Great Darkgate Street","Aberystwyth","","Sy23 1DW"," ","","Part Furnished","Managed","","","","","","","","","","","","","","",
"RDAVIE","28AE","28A Eastgate","Aberystwyth","","","SY23 2AR"," ","","Part Furnished","Managed","<None>","","","","","","","","","","","","","",
"RE","PT","3 Plas Tudur,","North Road","Aberystwyth","","SY23 2AD"," ","","Part Furnished","Managed","<None>","","","","","","","","","","","","","",
"READ","R1","Top Flat","17 Queen Street","Aberystwyth","","SY23 1PU","","","Furnished","Managed","Assured Shorthold","15/09/2003","15/09/2003","","","","","","","","","","","",
"READ","R2","Ground Floor Flat","17 Queens Street","Aberystwyth","","SY23 1PU"," ","","Furnished","Managed","","","","","","","","","","","","","","",
"REES","YST","Ystarndy","Penygarn","Bow Street","Aberystwyth","SY23 5BQ"," ","","Furnished","Managed","","","","","","","","","","","","","","",
"REES2","MANARO","Manaros","Pen Y Garn","Bow Street","Aberystwyth","SY24 5BQ"," ","","Furnished","Managed","<None>","","","","","","","","","","","","","",
"REES3","BE2","Bod Emrys","Pen Y Garn","Bow Street","Aberystwyth","SY24 5BQ"," ","","Furnished","Managed","<None>","","","","","","","","","","","","","",
"RLL","5CBS","5 Chalybeate Street","Aberystwyth","","","Sy23 1hs"," ","","Furnished","Managed","","","","","","","","","","","","","","",
"RN","13SOUT","13 South Road","Aberystwyth","","","SY23 1JF"," ","","Furnished","Managed","<None>","","","","","","","","","","","","","",
"ROGVAL","17BRID","17 Bridge Street","Aberystwyth","","","SY23 1PZ"," ","","Furnished","Managed","<None>","","","","","","","","","","","","","",
"RSL","14RDT","14 Rheidol Terrace","Aberysywth","","","SY23 1JU"," ","","Furnished","Managed","<None>","","","","","","","","","","","","","",
"RU","11CORP","11 Corporation Street","Aberystwyth","","","SY23 2BT"," ","","Furnished","Managed","<None>","","","","","","","","","","","","","",
"SA","25DH","25 Dolhelyg","Penrhyncoch","Aberystwyth","","Sy23 3GZ"," ","","Furnished","Managed","","","","","","","","","","","","","","",
"SCH21","21AH","21a High Street","Aberystwyth","","","SY23 1JG"," ","","Furnished","Managed","<None>","","","","","","","","","","","","","",
"SDAV","BTTB","Brynteg","Tal Y Bont","","","SY245ER"," ","","Furnished","Managed","","","","","","","","","","","","","","",
"SDAYUS","16PS","16 Prospect Street","Aberystwyth","","","SY23 1JJ"," ","Residential","Furnished","Managed","Assured Shorthold","","","","","","","","","","","","","",
"SDAYUS","28PROS","28 prospect street","Aberystwyth","","","SY23 1JJ"," ","","Furnished","Managed","<None>","","","","","","","","","","","","","",
"SJ","OB","The Old Bakery","Rheidol Road","Aberystwyth","","Sy23 1RW"," ","","Furnished","Managed","","","","","","","","","","","","","","",
"SL","73MA","73 Maes Afallen","Bow Street","","","SY24 5BL"," ","","Furnished","Managed","<None>","","","","","","","","","","","","","",
"SM","10TR","10 Trinity Road","Aberystwyth","","","Sy23 1LU"," ","","Furnished","Managed","","","","","","","","","","","","","","",
"SO","BHYF","Brynhyfryd","Ystrad Meurig","Aberystwyth","Ceredigion","SY25 6AJ"," ","","Furnished","Managed","","","","","","","","","","","","","","",
"STRAT","RICH","Richmond","Lon Glanfred","Llandre","","SY24 5BY"," ","","Furnished","Managed","","","","","","","","","","","","","","",
"SUEWIL","16CAM","16 Cambrian Place","Aberystwyth","","","SY23 1NT"," ","","Furnished","Managed","<None>","","","","","","","","","","","","","",
"TG","12A","12 Alexandra Road","Aberystwyth","Ceredigion","","SY23 1LN"," ","","Furnished","Managed","<None>","","","","","","","","","","","","","",
"TOOKE","T7","Park View","45 Queens Road","Aberystwyth","Ceredigion","SY23 2HN","","","Furnished","Managed","","","","","","","","","","","","","","",
"TWCAN","11PRIN","11a Princess Street","Aberystwyth","","","SY23 1DX"," ","","Furnished","Managed","<None>","","","","","","","","","","","","","",
"TWCAN","29HS","29 High Street","Aberystwyth","","","SY231JG"," ","","Furnished","Managed","<None>","","","","","","","","","","","","","",
"TWCAN","2PEN","2 Penglais Terrace","Aberystwyth","","","SY23 2ET"," ","","Furnished","Managed","<None>","","","","","","","","","","","","","",
"TWCAN","GLYN","Glyndale","Aberystwyth","","","SY23 1LU"," ","","Furnished","Managed","<None>","","05/06/2016","","","","","","","","","","","",
"TWLW","56CAM","56 Cambrian Street","Aberystwyth","","","SY23 1NZ"," ","Residential","Furnished","Managed","Short Assured Tenancy","04/06/2017","04/06/2017","","","","","","","","","","","",
"UT23","10TU23","10 Trinity Road Utilities 2023","","","",""," ","","Furnished","Managed","<None>","","","","","","","","","","","","","",
"UT23","12LU23","12 Llanbadarn Road Utilities 2023","","","",""," ","","Furnished","Managed","<None>","","","","","","","","","","","","","",
"UT23","13SU23","13 South Road Utilities 2023","","","",""," ","","Furnished","Managed","<None>","","","","","","","","","","","","","",
"UT23","14PU23","14 Portland Road Utilities 2023","","","",""," ","","Furnished","Managed","<None>","","","","","","","","","","","","","",
"UT23","14RU23","14 Rheidol Terrace Utilities 2023","","","",""," ","","Furnished","Managed","<None>","","","","","","","","","","","","","",
"UT23","16PU23","16 Prospect Street Utilities 2023","","","",""," ","","Furnished","Managed","<None>","","","","","","","","","","","","","",
"UT23","16QU23","16 Queen Street Utilities 2023","","","",""," ","","Furnished","Managed","<None>","","","","","","","","","","","","","",
"UT23","22MU23","22 Maesmawr Utilities 2023","","","",""," ","","Furnished","Managed","<None>","","","","","","","","","","","","","",
"UT23","23MU23","23 Maesceinion Utilities 2023","","","",""," ","","Furnished","Managed","<None>","","","","","","","","","","","","","",
"UT23","28BU23","28 Bridge Street Utilities 2023","","","",""," ","","Furnished","Managed","<None>","","","","","","","","","","","","","",
"UT23","28PU23","28 Prospect Street Utilities 2023","","","",""," ","","Furnished","Managed","<None>","","","","","","","","","","","","","",
"UT23","29EU23","29 Edgehill Road Utilities 2023","","","",""," ","","Furnished","Managed","<None>","","","","","","","","","","","","","",
"UT23","29HU23","29 High Street Utilities 2023","","","",""," ","","Furnished","Managed","<None>","","","","","","","","","","","","","",
"UT23","2POU23","2 Powell Street Utilities 2023","","","",""," ","","Furnished","Managed","<None>","","","","","","","","","","","","","",
"UT23","30HU23","30 High Street Utilities 2023","","","",""," ","","Furnished","Managed","<None>","","","","","","","","","","","","","",
"UT23","33HU23","33 High Street Utilities 2023","","","",""," ","","Furnished","Managed","<None>","","","","","","","","","","","","","",
"UT23","38PU23","38 Prospect Street Utilities 2023","","","",""," ","","Furnished","Managed","<None>","","","","","","","","","","","","","",
"UT23","38QU23","38 Queen Street Utilities 2023","","","",""," ","","Furnished","Managed","<None>","","","","","","","","","","","","","",
"UT23","3DCU23","3 Dan Y Coed Utilities 2023","","","",""," ","","Furnished","Managed","<None>","","","","","","","","","","","","","",
"UT23","3FU23","3 Felindre Utilities 2023","","","",""," ","","Furnished","Managed","<None>","","","","","","","","","","","","","",
"UT23","3NEU23","3 New Street Utilities 2023","","","",""," ","","Furnished","Managed","<None>","","","","","","","","","","","","","",
"UT23","4FEU23","4 Felindre Utilities 2023","","","",""," ","","Furnished","Managed","<None>","","","","","","","","","","","","","",
"UT23","4MU23","4 Mill Street Utilities 2023","","","",""," ","","Furnished","Managed","<None>","","","","","","","","","","","","","",
"UT23","4WSU23","4 William Street Utilities 2023","","","",""," ","","Furnished","Managed","<None>","","","","","","","","","","","","","",
"UT23","56CU23","56 Cambrian Street Utilities 2023","","","",""," ","","Furnished","Managed","<None>","","","","","","","","","","","","","",
"UT23","57BU23","57 Bridge Street Utilities 2023","","","",""," ","","Furnished","Managed","<None>","","","","","","","","","","","","","",
"UT23","5CHU23","5 Chalybeate Street Utilities 2023","","","",""," ","","Furnished","Managed","<None>","","","","","","","","","","","","","",
"UT23","5CPU23","5 Cambrian Place Utilities 2023","","","",""," ","","Furnished","Managed","<None>","","","","","","","","","","","","","",
"UT23","5SVU23","5 Sea View Place Utilities 2023","","","",""," ","","Furnished","Managed","<None>","","","","","","","","","","","","","",
"UT23","6NSTU2","6 New Street Utilities 2023","","","",""," ","","Furnished","Managed","<None>","","","","","","","","","","","","","",
"UT23","6PTU23","6 Penglais Terrace Utilities 2023","","","",""," ","","Furnished","Managed","<None>","","","","","","","","","","","","","",
"UT23","6QUU23","6 Queen Street Utilities 2023","","","",""," ","","Furnished","Managed","<None>","","","","","","","","","","","","","",
"UT23","6UNU23","6 Union Street Utilities 2023","","","",""," ","","Furnished","Managed","<None>","","","","","","","","","","","","","",
"UT23","70CU23","70 Cambrian Street Utilities 2023","","","",""," ","","Furnished","Managed","<None>","","","","","","","","","","","","","",
"UT23","72CU23","72 Cambrian Street Utilities 2023","","","",""," ","","Furnished","Managed","<None>","","","","","","","","","","","","","",
"UT23","7CAU23","7 Caergog Terrace Utilities 2023","","","",""," ","","Furnished","Managed","<None>","","","","","","","","","","","","","",
"UT23","7HIU23","7 High Street Utilities 2023","","","",""," ","","Furnished","Managed","<None>","","","","","","","","","","","","","",
"UT23","7TRU23","7 Terrace Road Utilities 2023","","","",""," ","","Furnished","Managed","<None>","","","","","","","","","","","","","",
"UT23","8CAU23","8 Cambrian Place Utilities 2023","","","",""," ","","Furnished","Managed","<None>","","","","","","","","","","","","","",
"UT23","8CUU23","8 Custom House Street Utilities 2023","","","",""," ","","Furnished","Managed","<None>","","","","","","","","","","","","","",
"UT23","8PEU23","8 Penglais Terrace Utilities 2023","","","",""," ","","Furnished","Managed","<None>","","","","","","","","","","","","","",
"UT23","9L1U23","F1 9 Llanbadarn Road Utilities 2023","","","",""," ","","Furnished","Managed","<None>","","","","","","","","","","","","","",
"UT23","9L2U23","F2 9 Llanbadarn Road Utilities 2023","","","",""," ","","Furnished","Managed","<None>","","","","","","","","","","","","","",
"UT23","GLU23","Glyndale Utilities 2023","","","",""," ","","Furnished","Managed","<None>","","","","","","","","","","","","","",
"UT23","U16PPS","waverley utilities 2023","","","",""," ","","Furnished","Managed","<None>","","","","","","","","","","","","","",
"UT23","WOLU23","Woodlands Lower Utilities 2023","","","",""," ","","Furnished","Managed","<None>","","","","","","","","","","","","","",
"UT23","WOUU23","Woodlands Upper Utilities 2023","","","",""," ","","Furnished","Managed","<None>","","","","","","","","","","","","","",
"UT24","10GU24","10 George Street Utilities 2024","","","",""," ","","Furnished","Managed","<None>","","","","","","","","","","","","","",
"UT24","10TU24","10 Trinity Road Utilities 2024","","","",""," ","","Furnished","Managed","<None>","","","","","","","","","","","","","",
"UT24","11AU24","11a Princess Street Utilities 2024","","","",""," ","","Furnished","Managed","<None>","","","","","","","","","","","","","",
"UT24","11CU24","11 Corporation Street Utilities 2024","","","",""," ","","Furnished","Managed","<None>","","","","","","","","","","","","","",
"UT24","11GU24","11 George Street Utilities 2024","","","",""," ","","Furnished","Managed","<None>","","","","","","","","","","","","","",
"UT24","12AU24","12 Alexandra Road Utilities 2024","","","",""," ","","Furnished","Managed","<None>","","","","","","","","","","","","","",
"UT24","12LU24","12 Llanbadarn Road Utilities 2024","","","",""," ","","Furnished","Managed","<None>","","","","","","","","","","","","","",
"UT24","12QU24","12 Queen Street Utilities 2024","","","",""," ","","Furnished","Managed","<None>","","","","","","","","","","","","","",
"UT24","12SU24","12 Stanley Road Utilities 2024","","","",""," ","","Furnished","Managed","<None>","","","","","","","","","","","","","",
"UT24","13AU24","13 Alexandra Road Utilities 2024","","","",""," ","","Furnished","Managed","<None>","","","","","","","","","","","","","",
"UT24","13SU24","13 South Road Utilities 2024","","","",""," ","","Furnished","Managed","<None>","","","","","","","","","","","","","",
"UT24","14PU24","14 Portland Road Utilities 2024","","","",""," ","","Furnished","Managed","<None>","","","","","","","","","","","","","",
"UT24","14RU24","14 Rheidol Terrace Utilities 2024","","","",""," ","","Furnished","Managed","<None>","","","","","","","","","","","","","",
"UT24","16CU24","16 Cambrian Place Utilities 2024","","","",""," ","","Furnished","Managed","<None>","","","","","","","","","","","","","",
"UT24","16PU24","16 Prospect Street Utilities 2024","","","",""," ","","Furnished","Managed","<None>","","","","","","","","","","","","","",
"UT24","16QU24","16 Queen Street Utilities 2024","","","",""," ","","Furnished","Managed","<None>","","","","","","","","","","","","","",
"UT24","17SU24","17 Sea View Place Utilities 2024","","","",""," ","","Furnished","Managed","<None>","","","","","","","","","","","","","",
"UT24","1FEU24","1 Felindre Utilities 2024","","","",""," ","","Furnished","Managed","<None>","","","","","","","","","","","","","",
"UT24","21AU24","21a High Street Utilities 2024","","","",""," ","","Furnished","Managed","<None>","","","","","","","","","","","","","",
"UT24","22MU24","22 Maesmawr Utilities 2024","","","",""," ","","Furnished","Managed","<None>","","","","","","","","","","","","","",
"UT24","22PU24","22 Portland Road Utilities 2024","","","",""," ","","Furnished","Managed","<None>","","","","","","","","","","","","","",
"UT24","23MU24","23 Maesceinion Utilities 2024","","","",""," ","","Furnished","Managed","<None>","","","","","","","","","","","","","",
"UT24","28A24","28A Eastgate Utilities ","","","",""," ","","Furnished","Managed","<None>","","","","","","","","","","","","","",
"UT24","28BU24","28 Bridge Street Utilities 2024","","","",""," ","","Furnished","Managed","<None>","","","","","","","","","","","","","",
"UT24","28PU24","28 Prospect Street Utilities 2024","","","",""," ","","Furnished","Managed","<None>","","","","","","","","","","","","","",
"UT24","29EU24","29 Edgehill Road Utilities 2024","","","",""," ","","Furnished","Managed","<None>","","","","","","","","","","","","","",
"UT24","29HU24","29 High Street Utilities 2024","","","",""," ","","Furnished","Managed","<None>","","","","","","","","","","","","","",
"UT24","2FEU24","2 Felindre Utilities 2024","","","",""," ","","Furnished","Managed","<None>","","","","","","","","","","","","","",
"UT24","2GRU24","2 Greenfield Street Utilities 2024","","","",""," ","","Furnished","Managed","<None>","","","","","","","","","","","","","",
"UT24","2POU24","2 Powell Street Utilities 2024","","","",""," ","","Furnished","Managed","<None>","","","","","","","","","","","","","",
"UT24","2PTU24","2 Penglais Terrace Utilities 2024","","","",""," ","","Furnished","Managed","<None>","","","","","","","","","","","","","",
"UT24","30HU24","30 High Street Utilities 2024","","","",""," ","","Furnished","Managed","<None>","","","","","","","","","","","","","",
"UT24","33GU24","33 Greenfield Street Utilities 2024","","","",""," ","","Furnished","Managed","<None>","","","","","","","","","","","","","",
"UT24","33HU24","33 High Street Utilities 2024","","","",""," ","","Furnished","Managed","<None>","","","","","","","","","","","","","",
"UT24","33SU24","33 South Road Utilities 2024","","","",""," ","","Furnished","Managed","<None>","","","","","","","","","","","","","",
"UT24","38PU24","38 Prospect Street Utilities 2024","","","",""," ","","Furnished","Managed","<None>","","","","","","","","","","","","","",
"UT24","38QU24","38 Queen Street Utilities 2024","","","",""," ","","Furnished","Managed","<None>","","","","","","","","","","","","","",
"UT24","3DCU24","3 Dan Y Coed Utilities 2024","","","",""," ","","Furnished","Managed","<None>","","","","","","","","","","","","","",
"UT24","3FU24","3 Felindre Utilities 2024","","","",""," ","","Furnished","Managed","<None>","","","","","","","","","","","","","",
"UT24","3NEU24","3 New Street Utilities 2024","","","",""," ","","Furnished","Managed","<None>","","","","","","","","","","","","","",
"UT24","3PEU24","3 Penglais Terrace Utilities 2024","","","",""," ","","Furnished","Managed","<None>","","","","","","","","","","","","","",
"UT24","4FEU24","4 Felindre Utilities 2024","","","",""," ","","Furnished","Managed","<None>","","","","","","","","","","","","","",
"UT24","4LLU24","4 Llys Gwyneth Utilities 2024","","","",""," ","","Furnished","Managed","<None>","","","","","","","","","","","","","",
"UT24","4MU24","4 Mill Street Utilities 2024","","","",""," ","","Furnished","Managed","<None>","","","","","","","","","","","","","",
"UT24","4WSU24","4 William Street Utilities 2024","","","",""," ","","Furnished","Managed","<None>","","","","","","","","","","","","","",
"UT24","56CU24","56 Cambrian Street Utilities 2024","","","",""," ","","Furnished","Managed","<None>","","","","","","","","","","","","","",
"UT24","57BU24","57 Bridge Street Utilities 2024","","","",""," ","","Furnished","Managed","<None>","","","","","","","","","","","","","",
"UT24","5CHU24","5 Chalybeate Street Utilities 2024","","","",""," ","","Furnished","Managed","<None>","","","","","","","","","","","","","",
"UT24","5CPU24","5 Cambrian Place Utilities 2024","","","",""," ","","Furnished","Managed","<None>","","","","","","","","","","","","","",
"UT24","5PEU24","5 Penglais Terrace Utilities 2024","","","",""," ","","Furnished","Managed","<None>","","","","","","","","","","","","","",
"UT24","5SVU24","5 Sea View Place Utilities 2024","","","",""," ","","Furnished","Managed","<None>","","","","","","","","","","","","","",
"UT24","64CU24","64 Cambrian Street Utilities 2024","","","",""," ","","Furnished","Managed","<None>","","","","","","","","","","","","","",
"UT24","6CAU24","6 Cambrian Place Utilities 2024","","","",""," ","","Furnished","Managed","<None>","","","","","","","","","","","","","",
"UT24","6NST24","6 New Street Utilities 2024","","","",""," ","","Furnished","Managed","<None>","","","","","","","","","","","","","",
"UT24","6POU24","6 Powell Street Utilities 2024","","","",""," ","","Furnished","Managed","<None>","","","","","","","","","","","","","",
"UT24","6PTU24","6 Penglais Terrace Utilities 2024","","","",""," ","","Furnished","Managed","<None>","","","","","","","","","","","","","",
"UT24","6QUU24","6 Queen Street Utilities 2024","","","",""," ","","Furnished","Managed","<None>","","","","","","","","","","","","","",
"UT24","6SGU24","F2 6 St Georges Utilities 2024","","","",""," ","","Furnished","Managed","<None>","","","","","","","","","","","","","",
"UT24","6UNU24","6 Union Street Utilities 2024","","","",""," ","","Furnished","Managed","<None>","","","","","","","","","","","","","",
"UT24","70CU24","70 Cambrian Street Utilities 2024","","","",""," ","","Furnished","Managed","<None>","","","","","","","","","","","","","",
"UT24","72CU24","72 Cambrian Street Utilities 2024","","","",""," ","","Furnished","Managed","<None>","","","","","","","","","","","","","",
"UT24","7CAU24","7 Caergog Terrace Utilities 2024","","","",""," ","","Furnished","Managed","<None>","","","","","","","","","","","","","",
"UT24","7HIU24","7 High Street Utilities 2024","","","",""," ","","Furnished","Managed","<None>","","","","","","","","","","","","","",
"UT24","7TRU24","7 Terrace Road Utilities 2024","","","",""," ","","Furnished","Managed","<None>","","","","","","","","","","","","","",
"UT24","8CAU24","8 Cambrian Place Utilities 2024","","","",""," ","","Furnished","Managed","<None>","","","","","","","","","","","","","",
"UT24","8CUU24","8 Custom House Street Utilities 2024","","","",""," ","","Furnished","Managed","<None>","","","","","","","","","","","","","",
"UT24","8PAU24","8 Park Avenue Utilities 2024","","","",""," ","","Furnished","Managed","<None>","","","","","","","","","","","","","",
"UT24","8PEU24","8 Penglais Terrace Utilities 2024","","","",""," ","","Furnished","Managed","<None>","","","","","","","","","","","","","",
"UT24","8UPU24","8 Upper Portland Street Utilities 2024","","","",""," ","","Furnished","Managed","<None>","","","","","","","","","","","","","",
"UT24","9L1U24","F1 9 Llanbadarn Road Utilities 2024","","","",""," ","","Furnished","Managed","<None>","","","","","","","","","","","","","",
"UT24","9L2U24","F2 9 Llanbadarn Road Utilities 2024","","","",""," ","","Furnished","Managed","<None>","","","","","","","","","","","","","",
"UT24","BRVU24","Brynhaul Villa Utilities 2024","","","",""," ","","Furnished","Managed","<None>","","","","","","","","","","","","","",
"UT24","GLU24","Glyndale Utilities 2024","","","",""," ","","Furnished","Managed","<None>","","","","","","","","","","","","","",
"UT24","MILU24","Mill Inn Utilities 2024","","","",""," ","","Furnished","Managed","<None>","","","","","","","","","","","","","",
"UT24","UMIL24","The Mill Utilities 24","","","",""," ","","Furnished","Managed","<None>","","","","","","","","","","","","","",
"UT24","WAV24","Waverley utilities 2024","","","",""," ","","Furnished","Managed","<None>","","","","","","","","","","","","","",
"UT24","WOLU24","Woodlands Lower Utilities 2024","","","",""," ","","Furnished","Managed","<None>","","","","","","","","","","","","","",
"UT24","WOOU24","Woodlands upped util 24","","","",""," ","","Furnished","Managed","<None>","","","","","","","","","","","","","",
"UT24","WOUU24","Woodlands Upper Utilities 2024","","","",""," ","","Furnished","Managed","<None>","","","","","","","","","","","","","",
"UT2526","UT252P","Utility Property","","","",""," ","","Furnished","Managed","<None>","","","","","","","","","","","","","",
"VICEDW","NANTYF","Nant Y Felin","Llandre","Bow Street","Aberystwyth","SY24 5AQ"," ","","Furnished","Managed","<None>","","","","","","","","","","","","","",
"WARDLE","OLWYNT","Olwyn Trol","Ynyslas","Aberystwyth","","SY24 5JX"," ","","Furnished","Managed","<None>","","","","","","","","","","","","","",
"WD","2BG","2 Bwlch Y Gwynt","Llanrhystud","Aberystwyth","","SY23 5EH"," ","","Furnished","Managed","<None>","","","","","","","","","","","","","",
"WD","3BG","3 Bwlch Y Gwynt","Llanrhystud","","","SY23 5EH"," ","","Furnished","Managed","","","","","","","","","","","","","","",
"WOOD","W3B","Basement Flat","3 Albert Place","Aberystwyth","Ceredigion","SY23 2DD","","","Furnished","Managed","Assured Shorthold","","28/03/2003","","","","","","","","","","","",
"WOOD","W3M","Top Flat","3 Albert Place","Aberystwyth","","SY23 2DD"," ","","Furnished","Managed","Assured Shorthold","01/04/2003","01/04/2003","","","","","","","","","","","",
"WOOD","W3T","Middle Flat ","3 Albert Place","Aberystwyth","","SY23 2DD"," ","","Furnished","Managed","Assured Shorthold","15/05/2003","15/05/2003","","","","","","","","","","","",
"WOOD","W4B","Basement Flat","4 Albert Place","Aberystwyth","","SY23 2DD","","","Furnished","Managed","Assured Shorthold","24/03/2003","24/03/2003","","","","","","","","","","","",
"WOOD","W4M","Middle Flat","4 Albert Place","Aberystwyth","","SY23 2DD","","","Furnished","Managed","Assured Shorthold","14/04/2003","14/04/2003","","","","","","","","","","","",
"WOOD","W4T","Top Flat","4 Albert Place","Aberystwyth","","SY23 2DD","","","Furnished","Managed","Assured Shorthold","01/04/2003","01/04/2003","","","","","","","","","","","",
"WOOLIS","3DANYC","3 Dan-y-coed","Aberystwyth","","","SY23 2HD"," ","","Furnished","Managed","<None>","","","","","","","","","","","","","",
"YAS10","HEOL10","10 Heol Y Garth","Penparcau","","","SY231TE"," ","","Furnished","Managed","<None>","","","","","","","","","","","","","",
"YASIN","28PS","28 Portland Street","Aberystwyth","","","Sy23 2DX"," ","","Furnished","Managed","","","","","","","","","","","","","","",
"YEO","CT","Cartref","Penrhyncoch","Aberystwyth","","SY23 3EH"," ","","Furnished","Managed","","","","","","","","","","","","","","",
